<Parent><Note><Id>techotherId</Id><Name>Tech Others</Name><Date>Tech Date</Date><Data>This is Tech Others note.</Data></Note><Note><Id>ewsId</Id><Name>ewsId</Name><Date>Fri Feb 09 2018 10:58:09 GMT+0800 (Malay Peninsula Standard Time)</Date><Data>This is EWS note.</Data></Note><Note><Id>techjsId</Id><Name>techjsId</Name><Date>Fri Feb 09 2018 11:01:10 GMT+0800 (Malay Peninsula Standard Time)</Date><Data>window.location.reload(true) to add at success, so that the cache will be cleared.

xmlHttpRequest, responseXML to work as DOM</Data></Note><Note><Id>techphpId</Id><Name>techphpId</Name><Date>Fri Feb 09 2018 11:01:22 GMT+0800 (Malay Peninsula Standard Time)</Date><Data>This is PHP Notes
</Data></Note><Note><Id>aobId</Id><Name>aobId</Name><Date>Fri Feb 09 2018 11:01:47 GMT+0800 (Malay Peninsula Standard Time)</Date><Data>Treat yourself at Starbucks TODAY.</Data></Note><Note><Id>diaryId</Id><Name>diaryId</Name><Date>Fri Feb 09 2018 11:01:54 GMT+0800 (Malay Peninsula Standard Time)</Date><Data>9 Feb 2018 : Have done fixing my wishing well. 
Good Job Khine!</Data></Note><Note><Id>todoId</Id><Name>todoId</Name><Date>Fri Feb 09 2018 11:03:40 GMT+0800 (Malay Peninsula Standard Time)</Date><Data>9 Feb 2018 : 
Fix defects and RUID
Finish the blog
Exercise
About page to improve.
</Data></Note><Note><Id>techlinuxId</Id><Name>techlinuxId</Name><Date>Fri Feb 09 2018 11:11:50 GMT+0800 (Malay Peninsula Standard Time)</Date><Data>This is Linux note.
</Data></Note></Parent>